Index,Stimulus to total investigation [%],Total investigation time [%],Discrimination Index,Median speed [km/h],Distance per recording [m],Immobile time [%]
240220_top_117_V1_Experiment_Urinright,65.58388157894737,1597.3713735267452,0.3116776315789473,0.1171092234036655,67.62236198108502,39.04691749773345
240220_top_105_V1_Experiment_Urinright,85.3225806451613,1058.5156391659111,0.7064516129032258,0.1667659567983009,71.57620065422655,24.91783771532185
240220_top_104_V1_Experiment_Urinright,70.55837563451777,2087.4648685403445,0.41116751269035534,0.1054033929423421,61.29216499793718,43.682003626473254
240220_top_1_V1_Experiment_Urinright,74.1307371349096,2134.107887579329,0.48261474269819193,0.10932054301796984,57.34719770570177,39.990367180417046
240220_top_2_V1_Experiment_Urinright,67.15135492399207,1017.4080915684497,0.34302709847984136,0.1135254285046044,58.73209740612639,40.290684496826835
240220_top_95_V1_Experiment_Urinright,45.106696100073584,615.1135539437896,-0.09786607799852833,0.1078293640157168,55.71860464971731,39.55689029918405
