Index,Stimulus to total investigation DLC [%],Total investigation time DLC [%],Discrimination Index DLC,Stimulus to total investigation DEG [%],Total investigation time DEG [%],Discrimination Index DEG,Median speed [km/h],Distance per recording [m],Immobile time [%]
240220_top_1_V1_Experiment_Urinright,74.1307371349096,8.148232094288305,0.4826147426981919,74.29123711340206,13.191296464188577,0.4858247422680412,0.1093205430179698,57.34719770570177,39.990367180417046
240220_top_2_V1_Experiment_Urinright,67.15135492399207,4.286604714415232,0.3430270984798413,53.088279602289845,9.40333182230281,0.0617655920457969,0.1135254285046044,58.73209740612639,40.29068449682684
240220_top_104_V1_Experiment_Urinright,70.55837563451777,8.372053490480507,0.41116751269035534,71.03580562659847,8.86219401631913,0.42071611253196933,0.1054033929423421,61.29216499793718,43.682003626473254
240220_top_105_V1_Experiment_Urinright,85.3225806451613,3.513145965548504,0.7064516129032258,81.27421437795952,6.581482320942883,0.6254842875591907,0.1667659567983009,71.57620065422655,24.91783771532185
240220_top_117_V1_Experiment_Urinright,65.58388157894737,6.890299184043518,0.31167763157894735,63.397336101020585,16.37862647325476,0.2679467220204117,0.11710922340366554,67.62236198108502,39.04691749773345
240220_top_95_V1_Experiment_Urinright,45.106696100073584,3.850294650951949,-0.09786607799852833,59.797724399494314,2.241047144152312,0.1959544879898862,0.1078293640157168,55.71860464971731,39.55689029918405
