Index,Stimulus to total investigation [%],Total investigation time [%],Discrimination Index,Median speed [km/h],Distance per recording [m],Immobile time [%]
240220_top_117_V1_Habituation_Urinright,34.88612836438924,338.7820716228468,-0.3022774327122153,0.16358377394098,83.22879308876436,30.47087488667271
240220_top_105_V1_Habituation_Urinright,71.53846153846153,372.4193109700816,0.4307692307692308,0.2093299488846015,98.8179553586368,23.047937443336355
240220_top_104_V1_Habituation_Urinright,15.036803364879075,145.2892112420671,-0.6992639327024185,0.11837855430025385,69.53183719788721,39.925203989120575
240220_top_1_V1_Habituation_Urinright,68.3068017366136,472.6204669084315,0.3661360347322721,0.1539194576480936,74.62270189119438,30.71736174070716
240220_top_2_V1_Habituation_Urinright,55.016181229773466,340.78762466001814,0.10032362459546926,0.1405558138831578,71.2735332530131,33.80553037171351
240220_top_95_V1_Habituation_Urinright,28.57142857142857,165.16160471441523,-0.42857142857142855,0.1508061273577953,75.18350774045544,30.309383499546687
