Index,Stimulus to total investigation DLC [%],Total investigation time DLC [%],Discrimination Index DLC,Stimulus to total investigation DEG [%],Total investigation time DEG [%],Discrimination Index DEG,Median speed [km/h],Distance per recording [m],Immobile time [%]
240222_top_104_V1.2_Habituation_Urinleft,73.79629629629629,7.18730243236948,0.4759259259259259,58.22339489885664,3.221328195829556,0.1644678979771328,0.162184599374346,92.16968286984087,33.71530354757311
240222_top_105_V1.2_Habituation_Urinleft,36.060825488776246,4.68072125813449,-0.278783490224475,14.695340501792115,2.3713735267452405,-0.7060931899641577,0.20844202553593083,107.11057197637292,26.35102963932865
240222_top_117_V1.2_Habituation_Urinleft,56.75675675675676,9.16270664614149,0.13513513513513514,49.451219512195124,4.646418857660925,-0.01097560975609756,0.1822591995758269,96.83679015826003,30.359512784970654
240222_top_1_V1.2_Habituation_Urinleft,57.182320441988956,7.225308539303417,0.143646408839779,49.577647823261856,4.360267452402539,-0.008447043534762833,0.19039138152195,96.02692738985161,28.30160662845603
240222_top_2_V1.2_Habituation_Urinleft,46.49548924358085,4.932228915662651,-0.07009021512838307,64.14141414141415,2.243880326382593,0.2828282828282828,0.1677229082754077,85.58548007080506,33.34906077673911
240222_top_95_V1.2_Habituation_Urinleft,28.974205158968207,5.756414240823233,-0.4205158968206359,29.130434782608695,1.303263825929284,-0.41739130434782606,0.1398616932494734,75.00391441147981,38.045901227590974
