Index,Stimulus to total investigation DLC [%],Total investigation time DLC [%],Discrimination Index DLC,Stimulus to total investigation DEG [%],Total investigation time DEG [%],Discrimination Index DEG,Median speed [km/h],Distance per recording [m],Immobile time [%]
240220_top_1_V1_Habituation_Urinright,68.3068017366136,1.9577289211242064,0.3661360347322721,54.91029272898962,6.000679963735268,0.0982058545797922,0.1539194576480936,74.62270189119438,30.71736174070716
240220_top_2_V1_Habituation_Urinright,55.016181229773466,1.75090661831369,0.1003236245954692,47.4827768945416,5.346214868540344,-0.0503444621091679,0.1405558138831578,71.2735332530131,33.80553037171351
240220_top_104_V1_Habituation_Urinright,15.036803364879075,2.69435630099728,-0.6992639327024185,35.07853403141361,4.329102447869447,-0.29842931937172773,0.11837855430025385,69.53183719788721,39.925203989120575
240220_top_105_V1_Habituation_Urinright,71.53846153846153,1.473254759746147,0.4307692307692308,44.687842278203725,2.5866953762466003,-0.10624315443592552,0.2093299488846015,98.81795535863681,23.047937443336355
240220_top_117_V1_Habituation_Urinright,34.886128364389236,2.736854034451496,-0.3022774327122153,37.55120619025944,6.224501359927471,-0.2489758761948111,0.16358377394098006,83.22879308876436,30.47087488667271
240220_top_95_V1_Habituation_Urinright,28.57142857142857,1.6262466001813236,-0.42857142857142855,52.65822784810127,2.238213961922031,0.053164556962025315,0.1508061273577953,75.18350774045544,30.309383499546687
